{
  "class_names": [
    "Push",
    "Push&Pull",
    "Triangle",
    "M",
    "Square"
  ],
  "total_samples_per_class": 200,
  "tested_wifi_ratios": [
    0.1,
    0.2,
    0.3,
    0.4,
    0.5,
    0.6,
    0.7,
    0.8,
    0.9
  ],
  "results": [
    {
      "wifi_ratio": 0.1,
      "satellite_ratio": 0.9,
      "accuracy_mean": 0.8869999999999999,
      "accuracy_std": 0.012489995996796807,
      "macro_f1_mean": 0.887593460585568,
      "macro_f1_std": 0.012193532375166554,
      "fold_accuracies": [
        0.9,
        0.875,
        0.89,
        0.9,
        0.87
      ],
      "fold_macro_f1": [
        0.9007600606906692,
        0.8753513770180437,
        0.8901286157661611,
        0.9001424817278476,
        0.8715847677251185
      ],
      "confusion_matrix": [
        [
          179,
          1,
          1,
          8,
          11
        ],
        [
          0,
          185,
          10,
          3,
          2
        ],
        [
          0,
          10,
          181,
          2,
          7
        ],
        [
          7,
          1,
          0,
          172,
          20
        ],
        [
          6,
          1,
          2,
          21,
          170
        ]
      ],
      "confusion_matrix_path": "joint_ratio_by_modality_outputs\\confusion_matrix_wifi_ratio_0_1.png",
      "wifi_per_class": 20,
      "satellite_per_class": 180,
      "total_samples": 1000
    },
    {
      "wifi_ratio": 0.2,
      "satellite_ratio": 0.8,
      "accuracy_mean": 0.8240000000000001,
      "accuracy_std": 0.015620499351813295,
      "macro_f1_mean": 0.8251899888310581,
      "macro_f1_std": 0.01595447543105592,
      "fold_accuracies": [
        0.815,
        0.815,
        0.845,
        0.805,
        0.84
      ],
      "fold_macro_f1": [
        0.8162681477412222,
        0.8155278283232914,
        0.8483164430506204,
        0.8062661348804259,
        0.8395713901597304
      ],
      "confusion_matrix": [
        [
          160,
          0,
          2,
          25,
          13
        ],
        [
          1,
          175,
          18,
          3,
          3
        ],
        [
          0,
          9,
          179,
          3,
          9
        ],
        [
          14,
          2,
          0,
          164,
          20
        ],
        [
          6,
          2,
          1,
          45,
          146
        ]
      ],
      "confusion_matrix_path": "joint_ratio_by_modality_outputs\\confusion_matrix_wifi_ratio_0_2.png",
      "wifi_per_class": 40,
      "satellite_per_class": 160,
      "total_samples": 1000
    },
    {
      "wifi_ratio": 0.3,
      "satellite_ratio": 0.7,
      "accuracy_mean": 0.7739999999999999,
      "accuracy_std": 0.01827566688249708,
      "macro_f1_mean": 0.7745456904647346,
      "macro_f1_std": 0.017704839997920056,
      "fold_accuracies": [
        0.755,
        0.79,
        0.8,
        0.77,
        0.755
      ],
      "fold_macro_f1": [
        0.7552532575550563,
        0.790020457604618,
        0.8004368808212586,
        0.7680732698124756,
        0.7589445865302643
      ],
      "confusion_matrix": [
        [
          148,
          1,
          3,
          22,
          26
        ],
        [
          1,
          166,
          28,
          4,
          1
        ],
        [
          1,
          27,
          162,
          1,
          9
        ],
        [
          15,
          0,
          0,
          159,
          26
        ],
        [
          19,
          1,
          0,
          41,
          139
        ]
      ],
      "confusion_matrix_path": "joint_ratio_by_modality_outputs\\confusion_matrix_wifi_ratio_0_3.png",
      "wifi_per_class": 60,
      "satellite_per_class": 140,
      "total_samples": 1000
    },
    {
      "wifi_ratio": 0.4,
      "satellite_ratio": 0.6,
      "accuracy_mean": 0.6990000000000001,
      "accuracy_std": 0.032771939216347856,
      "macro_f1_mean": 0.6989828450360175,
      "macro_f1_std": 0.032481922497418644,
      "fold_accuracies": [
        0.685,
        0.66,
        0.73,
        0.745,
        0.675
      ],
      "fold_macro_f1": [
        0.6876138060845628,
        0.6569845210453888,
        0.7286601488927351,
        0.7441513675453902,
        0.6775043816120109
      ],
      "confusion_matrix": [
        [
          134,
          0,
          3,
          33,
          30
        ],
        [
          1,
          165,
          30,
          2,
          2
        ],
        [
          1,
          27,
          161,
          5,
          6
        ],
        [
          34,
          0,
          0,
          120,
          46
        ],
        [
          37,
          1,
          1,
          42,
          119
        ]
      ],
      "confusion_matrix_path": "joint_ratio_by_modality_outputs\\confusion_matrix_wifi_ratio_0_4.png",
      "wifi_per_class": 80,
      "satellite_per_class": 120,
      "total_samples": 1000
    },
    {
      "wifi_ratio": 0.5,
      "satellite_ratio": 0.5,
      "accuracy_mean": 0.6869999999999999,
      "accuracy_std": 0.012884098726725086,
      "macro_f1_mean": 0.6885757440291668,
      "macro_f1_std": 0.013741381609095443,
      "fold_accuracies": [
        0.67,
        0.69,
        0.695,
        0.705,
        0.675
      ],
      "fold_macro_f1": [
        0.6717976570506692,
        0.6923937108095978,
        0.697267334215001,
        0.7074938234921977,
        0.6739261945783684
      ],
      "confusion_matrix": [
        [
          114,
          0,
          1,
          35,
          50
        ],
        [
          1,
          148,
          48,
          1,
          2
        ],
        [
          1,
          28,
          159,
          6,
          6
        ],
        [
          16,
          0,
          0,
          130,
          54
        ],
        [
          17,
          0,
          3,
          44,
          136
        ]
      ],
      "confusion_matrix_path": "joint_ratio_by_modality_outputs\\confusion_matrix_wifi_ratio_0_5.png",
      "wifi_per_class": 100,
      "satellite_per_class": 100,
      "total_samples": 1000
    },
    {
      "wifi_ratio": 0.6,
      "satellite_ratio": 0.4,
      "accuracy_mean": 0.644,
      "accuracy_std": 0.018547236990991426,
      "macro_f1_mean": 0.6400158915451277,
      "macro_f1_std": 0.016297464452913798,
      "fold_accuracies": [
        0.66,
        0.65,
        0.64,
        0.61,
        0.66
      ],
      "fold_macro_f1": [
        0.6581385087714201,
        0.6470225279005767,
        0.638687605137334,
        0.6098738734032851,
        0.6463569425130224
      ],
      "confusion_matrix": [
        [
          125,
          0,
          0,
          32,
          43
        ],
        [
          0,
          149,
          46,
          2,
          3
        ],
        [
          0,
          36,
          155,
          4,
          5
        ],
        [
          46,
          1,
          0,
          106,
          47
        ],
        [
          46,
          0,
          1,
          44,
          109
        ]
      ],
      "confusion_matrix_path": "joint_ratio_by_modality_outputs\\confusion_matrix_wifi_ratio_0_6.png",
      "wifi_per_class": 120,
      "satellite_per_class": 80,
      "total_samples": 1000
    },
    {
      "wifi_ratio": 0.7,
      "satellite_ratio": 0.30000000000000004,
      "accuracy_mean": 0.5970000000000001,
      "accuracy_std": 0.0310805405358401,
      "macro_f1_mean": 0.5939826976098201,